Name,Role,Mode of Transport,Department
John Smith,Student,Car,english
Jane Doe,Student,Bus,english
Michael Brown,Faculty,Walk,history
Emily Green,Staff,Bicycle,english
David White,Student,Car,history
Linda Black,Student,Walk,science
Robert Jones,Faculty,Bus,english
Mary Taylor,Student,Bicycle,science
Jessica Davis,Student,Car,mathematics
Christopher Wilson,Student,Bus,english
Jennifer Lee,Faculty,Walk,arts
Daniel Harris,Student,Car,arts
Sarah Clark,Student,Bus,arts
Matthew Lewis,Student,Walk,mathematics
Ashley Young,Staff,Bicycle,science
Thomas Hall,Student,Car,english
Amanda Allen,Student,Bus,arts
Kevin Mitchell,Faculty,Walk,arts
Melissa Turner,Student,Bicycle,science
Joshua Carter,Student,Car,mathematics
Elizabeth Phillips,Student,Bus,science
Joseph Baker,Student,Walk,mathematics
Lauren Cook,Staff,Bicycle,mathematics
Andrew Gray,Student,Car,english
Patricia Perez,Student,Bus,mathematics
Brian Edwards,Faculty,Walk,arts
Kimberly Gonzalez,Student,Bicycle,english
Patrick Moore,Student,Car,english
Michelle Bailey,Student,Bus,mathematics
Richard Rivera,Student,Walk,english
Erin Foster,Staff,Bicycle,arts
Paul Morris,Student,Car,english
Angela Reed,Student,Bus,mathematics
George Bell,Faculty,Walk,mathematics
Tracy Murphy,Student,Bicycle,science
Steven Hughes,Student,Car,arts
Megan Brooks,Student,Bus,history
Timothy Long,Student,Walk,science
Katherine Ross,Staff,Bicycle,history
Edward Sanders,Student,Car,english
Rebecca Shaw,Student,Bus,history
Frank Coleman,Faculty,Walk,arts
Stephanie Ortiz,Student,Bicycle,history
Jeffrey Ward,Student,Car,arts
Cynthia Watson,Student,Bus,mathematics
Anthony Brooks,Student,Walk,arts
Catherine Griffin,Staff,Bicycle,science
Nicholas Butler,Student,Car,science
Virginia Jenkins,Student,Bus,science
Eric Kelly,Faculty,Walk,english
Margaret Russell,Student,Bicycle,mathematics
Jonathan Simmons,Student,Car,mathematics
Christina Barnes,Student,Bus,history
Brandon Pierce,Student,Walk,science
Rachel Payne,Staff,Bicycle,history
Benjamin Price,Student,Car,mathematics
Laura Hunter,Student,Bus,history
Samuel Peterson,Faculty,Walk,science
Samantha Reynolds,Student,Bicycle,mathematics
Dennis Wood,Student,Car,history
Pamela Jordan,Student,Bus,arts
Jack Morgan,Student,Walk,english
Kelly Cooper,Staff,Bicycle,science
Adam Bennett,Student,Car,history
Tiffany Stewart,Student,Bus,mathematics
Peter Freeman,Faculty,Walk,science
Susan Riley,Student,Bicycle,history
Jason Powell,Student,Car,history
Karen Butler,Student,Bus,arts
Ronald Foster,Student,Walk,english
Brenda Hunt,Staff,Bicycle,history
Gary Tucker,Student,Car,history
Tiffany Howard,Student,Bus,history
William Flores,Faculty,Walk,mathematics
Nicole Jenkins,Student,Bicycle,mathematics
Mark Thomas,Student,Car,science
Amber Wright,Student,Bus,history
Larry King,Student,Walk,history
Heather Scott,Staff,Bicycle,english
Ralph Hill,Student,Car,history
Theresa Green,Student,Bus,mathematics
Keith Nelson,Faculty,Walk,mathematics
Monica Adams,Student,Bicycle,arts
Jeremy Perry,Student,Car,science
Kayla Cook,Student,Bus,science
Roger Evans,Student,Walk,mathematics
Tiffany Parker,Staff,Bicycle,mathematics
Terry Armstrong,Student,Car,english
Deborah Collins,Student,Bus,english