Role,Mode of Transport,Department,First,Last
Student,Car,english,John,Smith
Student,Bus,english,Jane,Doe
Faculty,Walk,history,Michael,Brown
Staff,Bicycle,english,Emily,Green
Student,Car,history,David,White
Student,Walk,science,Linda,Black
Faculty,Bus,english,Robert,Jones
Student,Bicycle,science,Mary,Taylor
Student,Car,mathematics,Jessica,Davis
Student,Bus,english,Christopher,Wilson
Faculty,Walk,arts,Jennifer,Lee
Student,Car,arts,Daniel,Harris
Student,Bus,arts,Sarah,Clark
Student,Walk,mathematics,Matthew,Lewis
Staff,Bicycle,science,Ashley,Young
Student,Car,english,Thomas,Hall
Student,Bus,arts,Amanda,Allen
Faculty,Walk,arts,Kevin,Mitchell
Student,Bicycle,science,Melissa,Turner
Student,Car,mathematics,Joshua,Carter
Student,Bus,science,Elizabeth,Phillips
Student,Walk,mathematics,Joseph,Baker
Staff,Bicycle,mathematics,Lauren,Cook
Student,Car,english,Andrew,Gray
Student,Bus,mathematics,Patricia,Perez
Faculty,Walk,arts,Brian,Edwards
Student,Bicycle,english,Kimberly,Gonzalez
Student,Car,english,Patrick,Moore
Student,Bus,mathematics,Michelle,Bailey
Student,Walk,english,Richard,Rivera
Staff,Bicycle,arts,Erin,Foster
Student,Car,english,Paul,Morris
Student,Bus,mathematics,Angela,Reed
Faculty,Walk,mathematics,George,Bell
Student,Bicycle,science,Tracy,Murphy
Student,Car,arts,Steven,Hughes
Student,Bus,history,Megan,Brooks
Student,Walk,science,Timothy,Long
Staff,Bicycle,history,Katherine,Ross
Student,Car,english,Edward,Sanders
Student,Bus,history,Rebecca,Shaw
Faculty,Walk,arts,Frank,Coleman
Student,Bicycle,history,Stephanie,Ortiz
Student,Car,arts,Jeffrey,Ward
Student,Bus,mathematics,Cynthia,Watson
Student,Walk,arts,Anthony,Brooks
Staff,Bicycle,science,Catherine,Griffin
Student,Car,science,Nicholas,Butler
Student,Bus,science,Virginia,Jenkins
Faculty,Walk,english,Eric,Kelly
Student,Bicycle,mathematics,Margaret,Russell
Student,Car,mathematics,Jonathan,Simmons
Student,Bus,history,Christina,Barnes
Student,Walk,science,Brandon,Pierce
Staff,Bicycle,history,Rachel,Payne
Student,Car,mathematics,Benjamin,Price
Student,Bus,history,Laura,Hunter
Faculty,Walk,science,Samuel,Peterson
Student,Bicycle,mathematics,Samantha,Reynolds
Student,Car,history,Dennis,Wood
Student,Bus,arts,Pamela,Jordan
Student,Walk,english,Jack,Morgan
Staff,Bicycle,science,Kelly,Cooper
Student,Car,history,Adam,Bennett
Student,Bus,mathematics,Tiffany,Stewart
Faculty,Walk,science,Peter,Freeman
Student,Bicycle,history,Susan,Riley
Student,Car,history,Jason,Powell
Student,Bus,arts,Karen,Butler
Student,Walk,english,Ronald,Foster
Staff,Bicycle,history,Brenda,Hunt
Student,Car,history,Gary,Tucker
Student,Bus,history,Tiffany,Howard
Faculty,Walk,mathematics,William,Flores
Student,Bicycle,mathematics,Nicole,Jenkins
Student,Car,science,Mark,Thomas
Student,Bus,history,Amber,Wright
Student,Walk,history,Larry,King
Staff,Bicycle,english,Heather,Scott
Student,Car,history,Ralph,Hill
Student,Bus,mathematics,Theresa,Green
Faculty,Walk,mathematics,Keith,Nelson
Student,Bicycle,arts,Monica,Adams
Student,Car,science,Jeremy,Perry
Student,Bus,science,Kayla,Cook
Student,Walk,mathematics,Roger,Evans
Staff,Bicycle,mathematics,Tiffany,Parker
Student,Car,english,Terry,Armstrong
Student,Bus,english,Deborah,Collins
Faculty,Bicycle,english,Harper,Armstrong
Student,Walk,science,David,Smith
Staff,Walk,mathematics,Roger,Jones
Student,Walk,science,Jamie,Collins
Student,Bus,science,Casey,Thomas
Student,Bus,history,Terry,Doe
Faculty,Bicycle,history,Dana,White
Student,Bicycle,science,David,Evans
Staff,Car,science,Tiffany,Williams
Student,Walk,science,Robin,Garcia
Student,Walk,english,Robin,Hernandez
Student,Bicycle,english,Reese,Smith
Staff,Bus,science,Morgan,Smith
Faculty,Car,english,Tiffany,Thomas
Student,Car,science,Alex,Parker
Student,Walk,english,Michael,White
Staff,Bicycle,science,Alex,Rodriguez
Staff,Bus,history,Jordan,Doe
Student,Walk,english,Roger,Parker
Staff,Bus,english,Tiffany,Green
Student,Car,history,Quinn,Gonzalez
Staff,Bus,english,Terry,Garcia
Faculty,Car,english,Dana,Anderson
Faculty,Car,history,Avery,Martin
Student,Walk,mathematics,Cameron,Taylor
Student,Walk,english,Robin,Moore
Student,Bus,mathematics,Tiffany,Collins
Student,Bicycle,science,Jamie,Taylor
Student,Car,history,Roger,Doe
Student,Bus,history,Taylor,Martin
Student,Bus,mathematics,Deborah,Parker
Faculty,Bicycle,history,Jordan,Collins
Staff,Bus,science,Dana,Smith
Staff,Bicycle,history,Casey,Thompson
Staff,Car,history,Jamie,Evans
Staff,Bus,history,Peyton,Davis
Faculty,Bicycle,history,Cameron,Cook
Faculty,Bus,history,John,Cook
Faculty,Walk,history,Tiffany,Doe
Student,Car,science,Jordan,Brown
Faculty,Bicycle,english,Quinn,Green
Staff,Bus,science,Kayla,Wilson
Staff,Walk,history,Tiffany,Brown
Student,Bicycle,science,Michael,Hernandez
Staff,Bicycle,english,Morgan,Brown
Staff,Bus,science,Jordan,Garcia
Staff,Bicycle,mathematics,Jordan,Davis
Staff,Bus,mathematics,Cameron,Jackson
Staff,Walk,english,Dana,Jones
Faculty,Bus,mathematics,John,Garcia
Staff,Walk,science,Riley,Parker
Staff,Car,history,Chris,Garcia
Student,Car,history,David,Lopez
Faculty,Walk,science,Cameron,Garcia
Faculty,Bus,mathematics,Skyler,Smith
Faculty,Car,english,Cameron,White
Student,Bicycle,history,Jamie,Brown
Student,Car,english,Morgan,Rodriguez
Staff,Bus,mathematics,Michael,Martinez
Staff,Car,mathematics,Skyler,Doe
Faculty,Bicycle,mathematics,Peyton,Garcia
Faculty,Bus,history,Bailey,Thomas
Staff,Bus,science,Chris,Jones
Student,Walk,science,Harper,Hernandez
Faculty,Walk,english,Bailey,Martinez
Staff,Car,mathematics,Jamie,White
Faculty,Bicycle,science,Skyler,Johnson
Faculty,Walk,history,John,Collins
Student,Car,science,Bailey,Taylor
Student,Walk,science,Terry,Davis
Staff,Bus,english,Reese,Rodriguez
Student,Car,english,Alex,Anderson
Student,Bicycle,science,Jane,Martin
Staff,Walk,english,Skyler,Gonzalez
Student,Walk,english,Morgan,Davis
Staff,Walk,history,Jamie,Moore
Staff,Bus,science,Riley,Garcia
Staff,Bicycle,history,Reese,Jackson
Faculty,Car,history,Kayla,Jackson
Staff,Walk,science,Kayla,Moore
Faculty,Bus,science,Michael,Thompson
Faculty,Car,mathematics,Jane,Cook
Student,Bus,english,Casey,Hernandez
Student,Bicycle,science,Avery,Johnson
Staff,Bus,history,Avery,Green
Faculty,Walk,history,Jordan,Smith
Student,Car,science,Robin,Parker
Student,Walk,english,Morgan,Martinez
Student,Bus,mathematics,Morgan,Cook
Faculty,Bus,science,John,Martin
Staff,Bus,history,Morgan,Anderson
Faculty,Walk,science,Kayla,Rodriguez
Faculty,Walk,history,David,Armstrong
Staff,Bus,english,Emily,Jackson
Faculty,Bicycle,mathematics,Michael,Collins
Staff,Car,mathematics,Skyler,Anderson
Student,Bicycle,history,Roger,Williams
Student,Bus,mathematics,Taylor,White
Staff,Walk,mathematics,Roger,Rodriguez
Faculty,Bicycle,science,Harper,Johnson
Student,Bus,history,Chris,Moore
Student,Walk,science,Cameron,Collins
Faculty,Bus,english,Emily,Moore
Faculty,Walk,english,Taylor,Anderson
Faculty,Bus,science,Cameron,Jones
Faculty,Walk,mathematics,Emily,Martinez
Faculty,Car,mathematics,Cameron,Martin
Faculty,Walk,history,Skyler,Green
Staff,Bicycle,history,Reese,Martinez
Student,Bicycle,mathematics,Reese,Martin
Student,Bicycle,mathematics,Alex,Williams
Faculty,Car,history,Pat,Armstrong
Staff,Walk,mathematics,Dakota,Garcia
Staff,Bus,mathematics,Dakota,Martinez
Student,Bus,history,Morgan,Thompson
Faculty,Bicycle,science,Jane,Johnson
Faculty,Bus,history,Michael,Miller
Student,Car,science,Emily,Thomas
Staff,Bicycle,history,Tiffany,Martinez
Student,Walk,science,Bailey,Anderson
Student,Walk,english,Roger,Garcia
Student,Bicycle,history,Casey,Moore
Student,Walk,english,Reese,Doe
Staff,Bicycle,mathematics,Skyler,Martinez
Staff,Walk,science,Skyler,Moore
Faculty,Walk,mathematics,Dakota,Taylor
Student,Bus,science,David,Moore
Student,Bus,mathematics,Terry,Cook
Faculty,Bicycle,history,Avery,Jones
